keyword,url,title,date_published,snippet,scraped_at
jasa admin instagram,https://sahabat.pegadaian.co.id/artikel/wirausaha/cara-mendapatkan-uang-dari-instagram,"Inilah 8 Cara Mendapatkan Uang dari Instagram, Coba Yuk!",,"Inilah 8 Cara Mendapatkan Uang dari Instagram, Coba Yuk!",2025-09-17T14:26:43.373766
jasa admin instagram,https://kutipan.co/waspada-penipuan-jasa-titip-marak-di-instagram-ini-salah-satu-akunnya/,"Waspada! Penipuan Jasa Titip Marak di Instagram, Ini Salah Satu Akunnya",,"Waspada! Penipuan Jasa Titip Marak di Instagram, Ini Salah Satu Akunnya",2025-09-17T14:26:43.373766
jasa admin instagram,https://mojok.co/terminal/3-barang-dan-jasa-yang-tidak-saya-sangka-dijual-di-instagram/,"3 Barang dan Jasa yang Tidak Saya Sangka Dijual di Instagram, Salah Satunya Jasa Detektif Kasus Perselingkuhan",,"3 Barang dan Jasa yang Tidak Saya Sangka Dijual di Instagram, Salah Satunya Jasa Detektif Kasus Perselingkuhan",2025-09-17T14:26:43.373766
jasa admin instagram,https://jogjapolitan.harianjogja.com/read/2025/07/08/512/1219715/bukan-pelayaran-salah-satu-pelaku-penganiayaan-rekan-pengantar-jasa-makanan-di-godean-ternyata-admin-pelabuhan,"Bukan Pelayaran, Salah Satu Pelaku Penganiayaan Rekan Pengantar Jasa Makanan di Godean Ternyata Admin Pelabuhan",,"Bukan Pelayaran, Salah Satu Pelaku Penganiayaan Rekan Pengantar Jasa Makanan di Godean Ternyata Admin Pelabuhan",2025-09-17T14:26:43.376582
jasa admin instagram,https://www.kapanlagi.com/feeds/10-cara-mendapatkan-uang-dari-instagram-panduan-lengkap-2024-ketahui-tipsnya-agar-semakin-menguntungkan-029931.html,"10 Cara Mendapatkan Uang dari Instagram: Panduan Lengkap 2024, Ketahui Tipsnya Agar Semakin Menguntungkan",,"10 Cara Mendapatkan Uang dari Instagram: Panduan Lengkap 2024, Ketahui Tipsnya Agar Semakin Menguntungkan",2025-09-17T14:26:43.376582
jasa admin instagram,https://youngontop.com/12-side-hustle-paling-populer-di-indonesia-tahun-2025/,12 Side Hustle Paling Populer di Indonesia Tahun 2025,,12 Side Hustle Paling Populer di Indonesia Tahun 2025,2025-09-17T14:26:43.377173
jasa admin instagram,https://www.beautynesia.id/life/tanpa-modal-besar-7-ide-usaha-kecil-kecilan-dari-rumah-ini-tetap-bikin-cuan/b-307776,"Tanpa Modal Besar, 7 Ide Usaha Kecil-kecilan dari Rumah Ini Tetap Bikin Cuan!",,"Tanpa Modal Besar, 7 Ide Usaha Kecil-kecilan dari Rumah Ini Tetap Bikin Cuan!",2025-09-17T14:26:43.377173
jasa admin instagram,https://ukmindonesia.id/baca-deskripsi-posts/8-peluang-usaha-dari-internet-bisa-cuan-sambil-rebahan,"8 Peluang Usaha dari Internet, Bisa Cuan Sambil Rebahan",,"8 Peluang Usaha dari Internet, Bisa Cuan Sambil Rebahan",2025-09-17T14:26:43.377173
jasa admin instagram,https://www.blackxperience.com/blackauto/autonews/menarik-segini-biaya-jasa-urus-mobil-kalian-via-cokerman-dan-garasi-id,"Menarik, Segini Biaya Jasa Urus Mobil Kalian Via Cokerman dan Garasi.Id",,"Menarik, Segini Biaya Jasa Urus Mobil Kalian Via Cokerman dan Garasi.Id",2025-09-17T14:26:43.377173
jasa admin instagram,https://www.jawapos.com/sepak-bola-indonesia/015954357/elkan-baggott-ungkap-trauma-di-media-sosial-akibat-ulah-netizen?page=2,Elkan Baggott Ungkap Trauma di Media Sosial Akibat Ulah Netizen - Jawa Pos,,Elkan Baggott Ungkap Trauma di Media Sosial Akibat Ulah Netizen - Jawa Pos,2025-09-17T14:26:43.377173
